<?xml version="1.0" encoding="UTF-8"?>
<beans xmlns="http://www.springframework.org/schema/beans"
	xmlns:xsi="http://www.w3.org/2001/XMLSchema-instance" xmlns:context="http://www.springframework.org/schema/context"
	xmlns:aop="http://www.springframework.org/schema/aop"
	xmlns:tx="http://www.springframework.org/schema/tx"
	xmlns:mvc="http://www.springframework.org/schema/mvc"
	xsi:schemaLocation="http://www.springframework.org/schema/beans
  http://www.springframework.org/schema/beans/spring-beans-3.0.xsd
  http://www.springframework.org/schema/context
  http://www.springframework.org/schema/context/spring-context-3.0.xsd
  http://www.springframework.org/schema/aop
  http://www.springframework.org/schema/aop/spring-aop.xsd
  
  http://www.springframework.org/schema/tx 
  http://www.springframework.org/schema/tx/spring-tx.xsd
  http://www.springframework.org/schema/mvc
http://www.springframework.org/schema/mvc/spring-mvc.xsd">


<mvc:annotation-driven />
<!--component scanner -->
<context:component-scan base-package="com.indus">
</context:component-scan>
 
	<!-- View Resolver -->
	<bean class="org.springframework.web.servlet.view.InternalResourceViewResolver" id="jspViewResolver">
 		<property name="viewClass" value="org.springframework.web.servlet.view.JstlView"></property>
 		<property name="prefix" value="/WEB-INF/views/"></property>
 		<property name="suffix" value=".jsp"></property>
	</bean>
	
<!-- Datasource -->	
	<bean id="dataSource" class="org.springframework.jdbc.datasource.DriverManagerDataSource">
		<property name="driverClassName" value="net.sourceforge.jtds.jdbc.Driver" />
		<property name="url" value="jdbc:jtds:sqlserver://192.168.1.98:1433/PROJECT_MGMT" />
		<property name="username" value="acinikalgn" />
		<property name="password" value="acinikapwd" />
	</bean>
	
<!-- session factory -->	
	<bean id="sessionFactory"
    class="org.springframework.orm.hibernate4.LocalSessionFactoryBean">
    <property name="dataSource" ref="dataSource" />
    <property name="configLocation" value="classpath:hibernate.cfg.xml" />
</bean>

	
	
<!-- Transaction manager -->
<tx:annotation-driven />
<bean id="transactionManager"
    class="org.springframework.orm.hibernate4.HibernateTransactionManager">
    <property name="sessionFactory" ref="sessionFactory" />
</bean>	


</beans>	