<?xml version="1.0" encoding="UTF-8"?>
<!DOCTYPE hibernate-configuration PUBLIC
		"-//Hibernate/Hibernate Configuration DTD 3.0//EN"
		"http://hibernate.org/dtd/hibernate-configuration-3.0.dtd">
<hibernate-configuration>
	<session-factory>
		<property name="hibernate.connection.driver_class">net.sourceforge.jtds.jdbc.Driver</property>
		<property name="hibernate.connection.url">jdbc:jtds:sqlserver://192.168.1.98:1433/PROJECT_MGMT</property>
		<property name="hibernate.connection.username">acinikalgn</property>
		<property name="hibernate.connection.password">acinikapwd</property>
		<property name="hibernate.connection.pool_size">1</property>
		
		<property name="hibernate.show_sql">true</property>
		<property name="hibernate.dialect">org.hibernate.dialect.MySQLDialect</property> 
		
		<mapping class="com.indus.model.User"/>
		<mapping class="com.indus.model.Asset"/>
		<mapping class="com.indus.model.AssetList"/>
		<mapping class="com.indus.model.IssueLibCard"/>
		<mapping class="com.indus.model.CheckOut"/>
	</session-factory>
</hibernate-configuration>
